"clonotype.tag","Tet.tag","TRA.nt.chains.tag","TRB.nt.chains.tag","TRA.aa.chains.tag","TRB.aa.chains.tag","clone.size.tag","Cd3e","Cd4","Icos","Foxp3","Junb","Klrg1","Tcf7","Cxcr4","Ccr4","Ccr6","Gzmb","Lef1","Tigit","Gata3","Cd69","Tnf","Cxcr3","Ccr7","Ifng","Ctla4","Il2","Il2rb","Il10","Il10ra","Pdcd1","Cxcr5","Il21","Bcl6","tra.v","tra.j","trb.v","trb.j"
"clonotype531","TetPos","TGTGCAGCAAGTGCTAATTACAACGTGCTTTACTTC","TGTGCCAGCAGTGAGACCGGGACAGGGAACTCCGACTACACCTTC","CAASANYNVLYF","CASSETGTGNSDYTF",9,2.84000011949843,2.45937059045828,2.07045719303808,0,3.51614515537881,0,1.37861114551898,0.811813225271132,0.883078332108565,0.275955257949466,0,0.617715298454879,1.56689112168346,0.874560344764859,0.364380207056221,0.386586714646506,0.536863013726545,0.987083120764529,0,1.48287329574625,0,1.76854635413235,0,0.206247832609703,2.36062365538178,0.0949299303699615,0.3160436267626,0.859693119083425,"TRAV14D-1","TRAJ21","TRBV13-3","TRBJ1-2"
"clonotype532","TetPos","TGTGCTCCCCCGAATAACACCAATACAGGCAAATTAACCTTT","TGTGCCAGCAGCTTTTTCCGGCGTTCCAACGAAAGATTATTTTTC","CAPPNNTNTGKLTF","CASSFFRRSNERLFF",11,2.59313686926807,1.60055373903221,1.0441526383274,0.056199676158906,1.31361188878477,0,1.74566196524796,0.381857450446247,0,0,0,0,0.443748746485081,0.306153382563083,0.056199676158906,0.156917656277319,0.357017670479416,0.100717980118413,0.115604603923501,0.55551960562369,0,1.32181949145314,0,0,2.027279819014,1.01151045817281,0.216322584041914,0.723544724035752,"TRAV13-4-DV7","TRAJ27","TRBV10","TRBJ1-4"
"clonotype533","TetPos","TGTGCAGTGAGCCAGGGAGGCAGAGCTCTGATATTT","TGTGCCAGCAGCCAAGATCCGCAGAACCAGGCTCCGCTTTTT","CAVSQGGRALIF","CASSQDPQNQAPLF",6,2.68492638411226,1.66185594282782,1.24639313256775,0,2.84435950363243,0,1.79876768747126,0.314469700201201,0,0,0,0.830836548452167,2.1055713106996,0.943269631542897,0,0.192320663319149,0,0,0,0.805396037097903,0,1.11699087238631,0,0,2.22978982014298,0.462233355912955,0.143200997477465,0.460427062003096,"TRAV7D-5","TRAJ15","TRBV2","TRBJ1-5"
"clonotype534","TetPos","TGTGCTGCTGATGCCCAGGGATTAACCTTC","TGCACCTGCAGTGGATCAGGGATGGGGGACACCCAGTACTTT","CAADAQGLTF","CTCSGSGMGDTQYF",8,2.58817746485009,2.06872321744045,2.09449591919118,0,2.39854718942423,0,1.3051440440122,0.319141076358986,0,0,0,0.524588491858983,1.991710017564,0.198039856542346,0.716411916249107,0,1.30634926392721,0.705239688798288,1.43945303834982,1.85086133420717,0,1.41703167659079,0,0.657911064734424,1.78753623451036,0.521127763004077,1.19284762381075,0.240759409669787,"TRAV4-2","TRAJ26","TRBV1","TRBJ2-5"
"clonotype536","TetPos","TGTGCAGCTAGTCCCCACTACAGCAACAACAGACTTACTTTG","TGTGCCAGCAGCCAGGACAGAGACACCCAGTACTTT","CAASPHYSNNRLTL","CASSQDRDTQYF",6,1.9246306640808,3.23848945390167,2.82538565109589,0,3.77838247355211,0,0.595649329206568,0.489775384429052,0,0,0,0.432659618616737,1.80931098494167,0.448625650882153,1.12716522032178,0.247733030568991,0.315789065891443,1.02472012143226,0.712642880539637,1.88454164033816,0,1.61198089736712,0.956876665954775,0.321975991502238,2.07808156746714,0,0.78385050964291,0,"TRAV7D-4","TRAJ7","TRBV5","TRBJ2-5"
"clonotype537","TetPos","TGTGCAGCAAGTGGGGAAGGAAACTACAAATACGTCTTT","TGCACCTGCAGTGCAGCCAGGGGTGAACAGTACTTC","CAASGEGNYKYVF","CTCSAARGEQYF",5,2.57118179445429,2.44474553875796,1.69919218924235,0,2.75282018241632,0,2.4690410425309,0.675929135028829,0,0.134717544554571,0,0.932777082664895,1.07382302447893,0.785255499707569,0,0.197657156517454,1.31255503671153,0,0,0.936942486783617,0,0.997955225146213,0,0,2.3640142735776,0,0.352554859861109,0.684929560933133,"TRAV14D-2","TRAJ40","TRBV1","TRBJ2-7"
"clonotype538","TetPos","TGTGCTTCGCACAATAACAACAATGCCCCACGATTT","TGTGCCAGCGGCCCTCAGGGGGCGAGGGGCGAAAGATTATTTTTC","CASHNNNNAPRF","CASGPQGARGERLFF",5,2.24972147772822,2.81383605785196,3.12416448587457,0,3.90266321773972,0,0.292195107268411,0.273682862661059,0,0,0,0,2.04985409790927,1.22372213076146,1.07039825908237,0.625126472195226,0.35718996842632,0.406163788086445,0.35718996842632,2.90928357017376,0,1.45353455473691,0,0,0,0,1.95801228819269,0.35718996842632,"TRAV6D-4","TRAJ43","TRBV12-2+TRBV13-2","TRBJ1-4"
"clonotype539","TetPos","TGTGCTCTGAGCGCAGGGACACAGGTTGTGGGGCAGCTCACTTTC","TGTGCCAGCAGTGGGGGGCCTAACACAGAAGTCTTCTTT","CALSAGTQVVGQLTF","CASSGGPNTEVFF",5,1.17376656149353,1.26815087428062,1.85900330860033,0,2.3544944841101,0,0.987443712732701,0.363182432458197,0,0,0,0.485069701384601,0,0.676298574170114,0.363182432458197,0,0,0.279224861589575,0,0.548956510520296,0,1.4009454921568,0,0,2.04995234714199,0.230369543909434,1.34285967572554,0.5563621674096,"TRAV9-4","TRAJ5","TRBV13-1","TRBJ1-1"
"clonotype540","TetPos","TGTGCAGTCCTAACAGGCAATACTAGAAAACTCATCTTT;TGTGCTACGGTTTCTAATACAGGAAACTACAAATACGTCTTT","TGTGCCAGCAGCCAAGATCAAGACACCCAGTACTTT","CATVSNTGNYKYVF;CAVLTGNTRKLIF","CASSQDQDTQYF",5,2.59141628503675,1.98626054125833,2.09423631491,0,2.79765554655902,0,1.89255138234262,1.15796519356683,0,0,0,0.19201277600523,0.8922980630705,0.565624254365729,0.459358757258907,1.19189579314509,0,0.984932764477102,0,2.11087524891711,0,1.98951661412171,0,0,2.51162396152095,0.463289119185419,0.401574425822428,0.44075873668596,"TRAV8N-2","TRAJ40","TRBV2","TRBJ2-5"
"clonotype541","TetPos","TGCGCAGTCAGTGCATCGGGTACAGGAAACTACAAATACGTCTTT","TGTGCCAGCGGTGGTCAGGGAAGGGAACAGTACTTC","CAVSASGTGNYKYVF","CASGGQGREQYF",5,3.1015075410475,1.5892219017501,1.27832168128,0,3.72330875621098,0,2.00410721074702,1.07598328470524,0.258411242748827,0,0,0.168324817260259,2.95145944841732,0.320297116848721,0.168324817260259,0,0.168324817260259,0.664319032518665,0,1.41323400305125,0,1.32899241099689,0,0,1.479879986442,0.46168539385172,1.02666120072425,0.320297116848721,"TRAV3-4","TRAJ40","TRBV12-2+TRBV13-2","TRBJ2-7"
"clonotype545","TetPos","TGTGCAATGAAGACAGGCAATACTAGAAAACTCATCTTT","TGTGCCAGCAGCCAAGATCATGCTGAGCAGTTCTTC","CAMKTGNTRKLIF","CASSQDHAEQFF",4,3.20926300122092,2.30307413962863,0,0,0.239693149862509,0,2.79274178994112,0,0,0,0,0,2.33587448175754,0,0,0,0,0,0,0,0,0,0,0,2.92302818738709,1.74993803931189,0,0.359780145006579,"TRAV7D-5","TRAJ37","TRBV2","TRBJ2-1"
"clonotype546","TetPos","TGTGCAGCAAGTGCTAATTACAACGTGCTTTACTTC","TGTGCCAGCAGTGAGACCGGGACAGGGAACGAAAGATTATTTTTC","CAASANYNVLYF","CASSETGTGNERLFF",4,3.11083828468734,1.11388289224132,0.635005873162722,0,1.65792814499001,0,1.50752151564613,0.369722778964228,0,0,0,0.169930711228783,1.11622947577754,0.648807730307379,0.742851922558028,0,0.169930711228783,1.46690161612994,0,1.22297817157742,0,0.875844922282129,0,0.47933443621073,1.04098602192423,0.682532868575747,0,0.199792067735445,"TRAV14D-1","TRAJ21","TRBV13-3","TRBJ1-4"
"clonotype548","TetPos","TGTGCAGCAAGTGCGAGGAACATGGGCTACAAACTTACCTTC","TGTGCCTGGAGTCTCCCAGGGGAGGGAAATACGCTCTATTTT","CAASARNMGYKLTF","CAWSLPGEGNTLYF",4,2.4210484604468,2.97547350049455,1.30562463075023,0,1.87928505477666,0,1.79293214143088,1.09814870066623,0,0,0,0.258175569057814,1.167794679882,1.33009176498797,0.465085574262918,0.680199534154439,0,0,0,1.28191586665056,0,1.09051067085871,0,0,0.890420720841497,0.680199534154439,1.28946339480654,0.382452023381515,"TRAV14D-2","TRAJ9","TRBV31","TRBJ1-3"
"clonotype549","TetPos","TGTGCTGCTGAGTTGAGCAACTATCAGTTGATCTGG","TGCACCTGCAGTGGGTTTCAAAACACCTTGTACTTT","CAAELSNYQLIW","CTCSGFQNTLYF",4,0.367097930826773,0.558994173738289,0.558994173738289,0,0.60008076193058,0,1.75809558463819,0.245624745308505,0,0.245624745308505,0,0,0.448496288636196,0.367097930826773,0,0,0.50980106730611,0.245624745308505,0.245624745308505,0.50980106730611,0,0.984780047341921,0,0,2.91036905998699,0.384699285411342,0.50980106730611,1.54145609813129,"TRAV4-3","TRAJ33","TRBV1","TRBJ2-4"
